{"exact": 84.03973509933775, "f1": 90.85618486750816, "total": 10570, "HasAns_exact": 84.03973509933775, "HasAns_f1": 90.85618486750816, "HasAns_total": 10570}