{"exact": 84.399243140965, "f1": 91.03768335840947, "total": 10570, "HasAns_exact": 84.399243140965, "HasAns_f1": 91.03768335840947, "HasAns_total": 10570}