{"exact": 84.17218543046357, "f1": 90.88770193811527, "total": 10570, "HasAns_exact": 84.17218543046357, "HasAns_f1": 90.88770193811527, "HasAns_total": 10570}