{"exact": 84.05865657521286, "f1": 90.86846130126048, "total": 10570, "HasAns_exact": 84.05865657521286, "HasAns_f1": 90.86846130126048, "HasAns_total": 10570}