{"exact": 84.22894985808892, "f1": 90.9084344931152, "total": 10570, "HasAns_exact": 84.22894985808892, "HasAns_f1": 90.9084344931152, "HasAns_total": 10570}