{"exact": 82.88552507095554, "f1": 90.01317275867251, "total": 10570, "HasAns_exact": 82.88552507095554, "HasAns_f1": 90.01317275867251, "HasAns_total": 10570}