{"exact": 70.43519394512772, "f1": 79.54431738257364, "total": 10570, "HasAns_exact": 70.43519394512772, "HasAns_f1": 79.54431738257364, "HasAns_total": 10570}