{"exact": 84.27625354777673, "f1": 90.92640705981054, "total": 10570, "HasAns_exact": 84.27625354777673, "HasAns_f1": 90.92640705981054, "HasAns_total": 10570}