{
  "total": 10570,
  "k": 5,
  "position_em_percent": [
    84.27625354777673,
    44.54115421002838,
    28.656575212866603,
    21.30558183538316,
    14.68306527909177
  ],
  "exclusive_position_em_percent": [
    84.27625354777673,
    6.253547776726585,
    2.3935666982024597,
    1.4191106906338695,
    0.7663197729422895
  ],
  "cumulative_em_percent": [
    84.27625354777673,
    90.52980132450331,
    92.92336802270577,
    94.34247871333964,
    95.10879848628193
  ],
  "cumulative_avg_best_f1_percent": [
    90.92640705981044,
    94.32042700200502,
    95.78368013899332,
    96.66654481126581,
    97.08377816150116
  ],
  "cumulative_any_f1_positive_percent": [
    94.77767265846737,
    96.7833491012299,
    97.68211920529801,
    98.240302743614,
    98.45789971617786
  ],
  "avg_score_diff_1_2_when_gold_in_top3": 0.5328485344389301,
  "avg_score_diff_2_3_when_gold_in_top3": 0.09474640219661222,
  "count_gold_in_top3_for_1_2": 9822,
  "count_gold_in_top3_for_2_3": 9822
}