{"exact": 83.94512771996216, "f1": 90.67934543658075, "total": 10570, "HasAns_exact": 83.94512771996216, "HasAns_f1": 90.67934543658075, "HasAns_total": 10570}