{"exact": 84.36140018921476, "f1": 91.00424244843117, "total": 10570, "HasAns_exact": 84.36140018921476, "HasAns_f1": 91.00424244843117, "HasAns_total": 10570}