{"exact": 84.19110690633869, "f1": 90.8998383291264, "total": 10570, "HasAns_exact": 84.19110690633869, "HasAns_f1": 90.8998383291264, "HasAns_total": 10570}